settings_id,stem_file,iterations_number,pile_width,pile_height,pile_depth,n_sides,n_meshes,lateral_friction,spinning_friction,rolling_friction,restitution,bend_function,random_turn,drop_algorithm
5437,My200-4-2-0.csv,20,4,2,3,40,8,0.45,0.85,0.02,0.1,parabola,FALSE,rowwise-freeze
5438,My200-4-2-0.csv,20,12,2,3,40,8,0.45,0.85,0.02,0.1,parabola,FALSE,trapezoid
5439,My200-4-2-0.csv,20,12,2,3,40,8,0.45,0.85,0.02,0.1,parabola,FALSE,trapezoid-freeze
5440,My200-4-2-0.csv,20,4,2,3,40,8,0.45,0.85,0.02,0.1,parabola,TRUE,grid
5441,My200-4-2-0.csv,20,4,2,3,40,8,0.45,0.85,0.02,0.1,parabola,TRUE,rowwise
5442,My200-4-2-0.csv,20,4,2,3,40,8,0.45,0.85,0.02,0.1,parabola,TRUE,rowwise-freeze
5443,My200-4-2-0.csv,20,12,2,3,40,8,0.45,0.85,0.02,0.1,parabola,TRUE,trapezoid
5444,My200-4-2-0.csv,20,12,2,3,40,8,0.45,0.85,0.02,0.1,parabola,TRUE,trapezoid-freeze
5445,My200-4-2-0.csv,20,4,2,3,40,15,0.45,0.85,0.02,0.1,parabola,FALSE,grid
5446,My200-4-2-0.csv,20,4,2,3,40,15,0.45,0.85,0.02,0.1,parabola,FALSE,rowwise
5447,My200-4-2-0.csv,20,4,2,3,40,15,0.45,0.85,0.02,0.1,parabola,FALSE,rowwise-freeze
5448,My200-4-2-0.csv,20,12,2,3,40,15,0.45,0.85,0.02,0.1,parabola,FALSE,trapezoid
5449,My200-4-2-0.csv,20,12,2,3,40,15,0.45,0.85,0.02,0.1,parabola,FALSE,trapezoid-freeze
5450,My200-4-2-0.csv,20,4,2,3,40,15,0.45,0.85,0.02,0.1,parabola,TRUE,grid
5451,My200-4-2-0.csv,20,4,2,3,40,15,0.45,0.85,0.02,0.1,parabola,TRUE,rowwise
5452,My200-4-2-0.csv,20,4,2,3,40,15,0.45,0.85,0.02,0.1,parabola,TRUE,rowwise-freeze
5453,My200-4-2-0.csv,20,12,2,3,40,15,0.45,0.85,0.02,0.1,parabola,TRUE,trapezoid
5454,My200-4-2-0.csv,20,12,2,3,40,15,0.45,0.85,0.02,0.1,parabola,TRUE,trapezoid-freeze
5455,Darre_neu.csv,20,15,4,2.52,10,8,0.65,0.45,0.02,0.1,parabola,FALSE,grid
5456,Darre_neu.csv,20,15,4,2.52,10,8,0.65,0.45,0.02,0.1,parabola,FALSE,rowwise
5457,Darre_neu.csv,20,15,4,2.52,10,8,0.65,0.45,0.02,0.1,parabola,FALSE,rowwise-freeze
5458,Darre_neu.csv,20,23,4,2.52,10,8,0.65,0.45,0.02,0.1,parabola,FALSE,trapezoid
5459,Darre_neu.csv,20,23,4,2.52,10,8,0.65,0.45,0.02,0.1,parabola,FALSE,trapezoid-freeze
5460,Darre_neu.csv,20,15,4,2.52,10,8,0.65,0.45,0.02,0.1,parabola,TRUE,grid
5461,Darre_neu.csv,20,15,4,2.52,10,8,0.65,0.45,0.02,0.1,parabola,TRUE,rowwise
5462,Darre_neu.csv,20,15,4,2.52,10,8,0.65,0.45,0.02,0.1,parabola,TRUE,rowwise-freeze
5463,Darre_neu.csv,20,23,4,2.52,10,8,0.65,0.45,0.02,0.1,parabola,TRUE,trapezoid
5464,Darre_neu.csv,20,23,4,2.52,10,8,0.65,0.45,0.02,0.1,parabola,TRUE,trapezoid-freeze
5465,Darre_neu.csv,20,15,4,2.52,10,15,0.65,0.45,0.02,0.1,parabola,FALSE,grid
5466,Darre_neu.csv,20,15,4,2.52,10,15,0.65,0.45,0.02,0.1,parabola,FALSE,rowwise
5467,Darre_neu.csv,20,15,4,2.52,10,15,0.65,0.45,0.02,0.1,parabola,FALSE,rowwise-freeze
5468,Darre_neu.csv,20,23,4,2.52,10,15,0.65,0.45,0.02,0.1,parabola,FALSE,trapezoid
5469,Darre_neu.csv,20,23,4,2.52,10,15,0.65,0.45,0.02,0.1,parabola,FALSE,trapezoid-freeze
5470,Darre_neu.csv,20,15,4,2.52,10,15,0.65,0.45,0.02,0.1,parabola,TRUE,grid
5471,Darre_neu.csv,20,15,4,2.52,10,15,0.65,0.45,0.02,0.1,parabola,TRUE,rowwise
5472,Darre_neu.csv,20,15,4,2.52,10,15,0.65,0.45,0.02,0.1,parabola,TRUE,rowwise-freeze
5473,Darre_neu.csv,20,23,4,2.52,10,15,0.65,0.45,0.02,0.1,parabola,TRUE,trapezoid
5474,Darre_neu.csv,20,23,4,2.52,10,15,0.65,0.45,0.02,0.1,parabola,TRUE,trapezoid-freeze
5475,Darre_neu.csv,20,15,4,2.52,20,8,0.65,0.45,0.02,0.1,parabola,FALSE,grid
5476,Darre_neu.csv,20,15,4,2.52,20,8,0.65,0.45,0.02,0.1,parabola,FALSE,rowwise
5477,Darre_neu.csv,20,15,4,2.52,20,8,0.65,0.45,0.02,0.1,parabola,FALSE,rowwise-freeze
5478,Darre_neu.csv,20,23,4,2.52,20,8,0.65,0.45,0.02,0.1,parabola,FALSE,trapezoid
5479,Darre_neu.csv,20,23,4,2.52,20,8,0.65,0.45,0.02,0.1,parabola,FALSE,trapezoid-freeze
5480,Darre_neu.csv,20,15,4,2.52,20,8,0.65,0.45,0.02,0.1,parabola,TRUE,grid
5481,Darre_neu.csv,20,15,4,2.52,20,8,0.65,0.45,0.02,0.1,parabola,TRUE,rowwise
5482,Darre_neu.csv,20,15,4,2.52,20,8,0.65,0.45,0.02,0.1,parabola,TRUE,rowwise-freeze
5483,Darre_neu.csv,20,23,4,2.52,20,8,0.65,0.45,0.02,0.1,parabola,TRUE,trapezoid
5484,Darre_neu.csv,20,23,4,2.52,20,8,0.65,0.45,0.02,0.1,parabola,TRUE,trapezoid-freeze
5485,Darre_neu.csv,20,15,4,2.52,20,15,0.65,0.45,0.02,0.1,parabola,FALSE,grid
5486,Darre_neu.csv,20,15,4,2.52,20,15,0.65,0.45,0.02,0.1,parabola,FALSE,rowwise
5487,Darre_neu.csv,20,15,4,2.52,20,15,0.65,0.45,0.02,0.1,parabola,FALSE,rowwise-freeze
5488,Darre_neu.csv,20,23,4,2.52,20,15,0.65,0.45,0.02,0.1,parabola,FALSE,trapezoid
5489,Darre_neu.csv,20,23,4,2.52,20,15,0.65,0.45,0.02,0.1,parabola,FALSE,trapezoid-freeze
5490,Darre_neu.csv,20,15,4,2.52,20,15,0.65,0.45,0.02,0.1,parabola,TRUE,grid
5491,Darre_neu.csv,20,15,4,2.52,20,15,0.65,0.45,0.02,0.1,parabola,TRUE,rowwise
5492,Darre_neu.csv,20,15,4,2.52,20,15,0.65,0.45,0.02,0.1,parabola,TRUE,rowwise-freeze
5493,Darre_neu.csv,20,23,4,2.52,20,15,0.65,0.45,0.02,0.1,parabola,TRUE,trapezoid
5494,Darre_neu.csv,20,23,4,2.52,20,15,0.65,0.45,0.02,0.1,parabola,TRUE,trapezoid-freeze
5495,Darre_neu.csv,20,15,4,2.52,40,8,0.65,0.45,0.02,0.1,parabola,FALSE,grid
5496,Darre_neu.csv,20,15,4,2.52,40,8,0.65,0.45,0.02,0.1,parabola,FALSE,rowwise
5497,Darre_neu.csv,20,15,4,2.52,40,8,0.65,0.45,0.02,0.1,parabola,FALSE,rowwise-freeze
5498,Darre_neu.csv,20,23,4,2.52,40,8,0.65,0.45,0.02,0.1,parabola,FALSE,trapezoid
5499,Darre_neu.csv,20,23,4,2.52,40,8,0.65,0.45,0.02,0.1,parabola,FALSE,trapezoid-freeze
5500,Darre_neu.csv,20,15,4,2.52,40,8,0.65,0.45,0.02,0.1,parabola,TRUE,grid
5501,Darre_neu.csv,20,15,4,2.52,40,8,0.65,0.45,0.02,0.1,parabola,TRUE,rowwise
5502,Darre_neu.csv,20,15,4,2.52,40,8,0.65,0.45,0.02,0.1,parabola,TRUE,rowwise-freeze
5503,Darre_neu.csv,20,23,4,2.52,40,8,0.65,0.45,0.02,0.1,parabola,TRUE,trapezoid
5504,Darre_neu.csv,20,23,4,2.52,40,8,0.65,0.45,0.02,0.1,parabola,TRUE,trapezoid-freeze
5505,Darre_neu.csv,20,15,4,2.52,40,15,0.65,0.45,0.02,0.1,parabola,FALSE,grid
5506,Darre_neu.csv,20,15,4,2.52,40,15,0.65,0.45,0.02,0.1,parabola,FALSE,rowwise
5507,Darre_neu.csv,20,15,4,2.52,40,15,0.65,0.45,0.02,0.1,parabola,FALSE,rowwise-freeze
5508,Darre_neu.csv,20,23,4,2.52,40,15,0.65,0.45,0.02,0.1,parabola,FALSE,trapezoid
5509,Darre_neu.csv,20,23,4,2.52,40,15,0.65,0.45,0.02,0.1,parabola,FALSE,trapezoid-freeze
5510,Darre_neu.csv,20,15,4,2.52,40,15,0.65,0.45,0.02,0.1,parabola,TRUE,grid
5511,Darre_neu.csv,20,15,4,2.52,40,15,0.65,0.45,0.02,0.1,parabola,TRUE,rowwise
5512,Darre_neu.csv,20,15,4,2.52,40,15,0.65,0.45,0.02,0.1,parabola,TRUE,rowwise-freeze
5513,Darre_neu.csv,20,23,4,2.52,40,15,0.65,0.45,0.02,0.1,parabola,TRUE,trapezoid
5514,Darre_neu.csv,20,23,4,2.52,40,15,0.65,0.45,0.02,0.1,parabola,TRUE,trapezoid-freeze
5515,My_Stems.csv,20,4,2,3,10,8,0.65,0.45,0.02,0.1,parabola,FALSE,grid
5516,My_Stems.csv,20,4,2,3,10,8,0.65,0.45,0.02,0.1,parabola,FALSE,rowwise
5517,My_Stems.csv,20,4,2,3,10,8,0.65,0.45,0.02,0.1,parabola,FALSE,rowwise-freeze
5518,My_Stems.csv,20,12,2,3,10,8,0.65,0.45,0.02,0.1,parabola,FALSE,trapezoid
5519,My_Stems.csv,20,12,2,3,10,8,0.65,0.45,0.02,0.1,parabola,FALSE,trapezoid-freeze
5520,My_Stems.csv,20,4,2,3,10,8,0.65,0.45,0.02,0.1,parabola,TRUE,grid
5521,My_Stems.csv,20,4,2,3,10,8,0.65,0.45,0.02,0.1,parabola,TRUE,rowwise
5522,My_Stems.csv,20,4,2,3,10,8,0.65,0.45,0.02,0.1,parabola,TRUE,rowwise-freeze
5523,My_Stems.csv,20,12,2,3,10,8,0.65,0.45,0.02,0.1,parabola,TRUE,trapezoid
5524,My_Stems.csv,20,12,2,3,10,8,0.65,0.45,0.02,0.1,parabola,TRUE,trapezoid-freeze
5525,My_Stems.csv,20,4,2,3,10,15,0.65,0.45,0.02,0.1,parabola,FALSE,grid
5526,My_Stems.csv,20,4,2,3,10,15,0.65,0.45,0.02,0.1,parabola,FALSE,rowwise
5527,My_Stems.csv,20,4,2,3,10,15,0.65,0.45,0.02,0.1,parabola,FALSE,rowwise-freeze
5528,My_Stems.csv,20,12,2,3,10,15,0.65,0.45,0.02,0.1,parabola,FALSE,trapezoid
5529,My_Stems.csv,20,12,2,3,10,15,0.65,0.45,0.02,0.1,parabola,FALSE,trapezoid-freeze
5530,My_Stems.csv,20,4,2,3,10,15,0.65,0.45,0.02,0.1,parabola,TRUE,grid
5531,My_Stems.csv,20,4,2,3,10,15,0.65,0.45,0.02,0.1,parabola,TRUE,rowwise
5532,My_Stems.csv,20,4,2,3,10,15,0.65,0.45,0.02,0.1,parabola,TRUE,rowwise-freeze
5533,My_Stems.csv,20,12,2,3,10,15,0.65,0.45,0.02,0.1,parabola,TRUE,trapezoid
5534,My_Stems.csv,20,12,2,3,10,15,0.65,0.45,0.02,0.1,parabola,TRUE,trapezoid-freeze
5535,My_Stems.csv,20,4,2,3,20,8,0.65,0.45,0.02,0.1,parabola,FALSE,grid
5536,My_Stems.csv,20,4,2,3,20,8,0.65,0.45,0.02,0.1,parabola,FALSE,rowwise
5537,My_Stems.csv,20,4,2,3,20,8,0.65,0.45,0.02,0.1,parabola,FALSE,rowwise-freeze
5538,My_Stems.csv,20,12,2,3,20,8,0.65,0.45,0.02,0.1,parabola,FALSE,trapezoid
5539,My_Stems.csv,20,12,2,3,20,8,0.65,0.45,0.02,0.1,parabola,FALSE,trapezoid-freeze
5540,My_Stems.csv,20,4,2,3,20,8,0.65,0.45,0.02,0.1,parabola,TRUE,grid
5541,My_Stems.csv,20,4,2,3,20,8,0.65,0.45,0.02,0.1,parabola,TRUE,rowwise
5542,My_Stems.csv,20,4,2,3,20,8,0.65,0.45,0.02,0.1,parabola,TRUE,rowwise-freeze
5543,My_Stems.csv,20,12,2,3,20,8,0.65,0.45,0.02,0.1,parabola,TRUE,trapezoid
5544,My_Stems.csv,20,12,2,3,20,8,0.65,0.45,0.02,0.1,parabola,TRUE,trapezoid-freeze
5545,My_Stems.csv,20,4,2,3,20,15,0.65,0.45,0.02,0.1,parabola,FALSE,grid
5546,My_Stems.csv,20,4,2,3,20,15,0.65,0.45,0.02,0.1,parabola,FALSE,rowwise
5547,My_Stems.csv,20,4,2,3,20,15,0.65,0.45,0.02,0.1,parabola,FALSE,rowwise-freeze
5548,My_Stems.csv,20,12,2,3,20,15,0.65,0.45,0.02,0.1,parabola,FALSE,trapezoid
5549,My_Stems.csv,20,12,2,3,20,15,0.65,0.45,0.02,0.1,parabola,FALSE,trapezoid-freeze
5550,My_Stems.csv,20,4,2,3,20,15,0.65,0.45,0.02,0.1,parabola,TRUE,grid
5551,My_Stems.csv,20,4,2,3,20,15,0.65,0.45,0.02,0.1,parabola,TRUE,rowwise
5552,My_Stems.csv,20,4,2,3,20,15,0.65,0.45,0.02,0.1,parabola,TRUE,rowwise-freeze
5553,My_Stems.csv,20,12,2,3,20,15,0.65,0.45,0.02,0.1,parabola,TRUE,trapezoid
5554,My_Stems.csv,20,12,2,3,20,15,0.65,0.45,0.02,0.1,parabola,TRUE,trapezoid-freeze
5555,My_Stems.csv,20,4,2,3,40,8,0.65,0.45,0.02,0.1,parabola,FALSE,grid
5556,My_Stems.csv,20,4,2,3,40,8,0.65,0.45,0.02,0.1,parabola,FALSE,rowwise
5557,My_Stems.csv,20,4,2,3,40,8,0.65,0.45,0.02,0.1,parabola,FALSE,rowwise-freeze
5558,My_Stems.csv,20,12,2,3,40,8,0.65,0.45,0.02,0.1,parabola,FALSE,trapezoid
5559,My_Stems.csv,20,12,2,3,40,8,0.65,0.45,0.02,0.1,parabola,FALSE,trapezoid-freeze
5560,My_Stems.csv,20,4,2,3,40,8,0.65,0.45,0.02,0.1,parabola,TRUE,grid
5561,My_Stems.csv,20,4,2,3,40,8,0.65,0.45,0.02,0.1,parabola,TRUE,rowwise
5562,My_Stems.csv,20,4,2,3,40,8,0.65,0.45,0.02,0.1,parabola,TRUE,rowwise-freeze
5563,My_Stems.csv,20,12,2,3,40,8,0.65,0.45,0.02,0.1,parabola,TRUE,trapezoid
5564,My_Stems.csv,20,12,2,3,40,8,0.65,0.45,0.02,0.1,parabola,TRUE,trapezoid-freeze
5565,My_Stems.csv,20,4,2,3,40,15,0.65,0.45,0.02,0.1,parabola,FALSE,grid
5566,My_Stems.csv,20,4,2,3,40,15,0.65,0.45,0.02,0.1,parabola,FALSE,rowwise
5567,My_Stems.csv,20,4,2,3,40,15,0.65,0.45,0.02,0.1,parabola,FALSE,rowwise-freeze
5568,My_Stems.csv,20,12,2,3,40,15,0.65,0.45,0.02,0.1,parabola,FALSE,trapezoid
5569,My_Stems.csv,20,12,2,3,40,15,0.65,0.45,0.02,0.1,parabola,FALSE,trapezoid-freeze
5570,My_Stems.csv,20,4,2,3,40,15,0.65,0.45,0.02,0.1,parabola,TRUE,grid
5571,My_Stems.csv,20,4,2,3,40,15,0.65,0.45,0.02,0.1,parabola,TRUE,rowwise
5572,My_Stems.csv,20,4,2,3,40,15,0.65,0.45,0.02,0.1,parabola,TRUE,rowwise-freeze
5573,My_Stems.csv,20,12,2,3,40,15,0.65,0.45,0.02,0.1,parabola,TRUE,trapezoid
5574,My_Stems.csv,20,12,2,3,40,15,0.65,0.45,0.02,0.1,parabola,TRUE,trapezoid-freeze
5575,My200-4-2-0.csv,20,4,2,3,10,8,0.65,0.45,0.02,0.1,parabola,FALSE,grid
5576,My200-4-2-0.csv,20,4,2,3,10,8,0.65,0.45,0.02,0.1,parabola,FALSE,rowwise
5577,My200-4-2-0.csv,20,4,2,3,10,8,0.65,0.45,0.02,0.1,parabola,FALSE,rowwise-freeze
5578,My200-4-2-0.csv,20,12,2,3,10,8,0.65,0.45,0.02,0.1,parabola,FALSE,trapezoid
5579,My200-4-2-0.csv,20,12,2,3,10,8,0.65,0.45,0.02,0.1,parabola,FALSE,trapezoid-freeze
5580,My200-4-2-0.csv,20,4,2,3,10,8,0.65,0.45,0.02,0.1,parabola,TRUE,grid
5581,My200-4-2-0.csv,20,4,2,3,10,8,0.65,0.45,0.02,0.1,parabola,TRUE,rowwise
5582,My200-4-2-0.csv,20,4,2,3,10,8,0.65,0.45,0.02,0.1,parabola,TRUE,rowwise-freeze
5583,My200-4-2-0.csv,20,12,2,3,10,8,0.65,0.45,0.02,0.1,parabola,TRUE,trapezoid
5584,My200-4-2-0.csv,20,12,2,3,10,8,0.65,0.45,0.02,0.1,parabola,TRUE,trapezoid-freeze
5585,My200-4-2-0.csv,20,4,2,3,10,15,0.65,0.45,0.02,0.1,parabola,FALSE,grid
5586,My200-4-2-0.csv,20,4,2,3,10,15,0.65,0.45,0.02,0.1,parabola,FALSE,rowwise
5587,My200-4-2-0.csv,20,4,2,3,10,15,0.65,0.45,0.02,0.1,parabola,FALSE,rowwise-freeze
5588,My200-4-2-0.csv,20,12,2,3,10,15,0.65,0.45,0.02,0.1,parabola,FALSE,trapezoid
5589,My200-4-2-0.csv,20,12,2,3,10,15,0.65,0.45,0.02,0.1,parabola,FALSE,trapezoid-freeze
5590,My200-4-2-0.csv,20,4,2,3,10,15,0.65,0.45,0.02,0.1,parabola,TRUE,grid
5591,My200-4-2-0.csv,20,4,2,3,10,15,0.65,0.45,0.02,0.1,parabola,TRUE,rowwise
5592,My200-4-2-0.csv,20,4,2,3,10,15,0.65,0.45,0.02,0.1,parabola,TRUE,rowwise-freeze
5593,My200-4-2-0.csv,20,12,2,3,10,15,0.65,0.45,0.02,0.1,parabola,TRUE,trapezoid
5594,My200-4-2-0.csv,20,12,2,3,10,15,0.65,0.45,0.02,0.1,parabola,TRUE,trapezoid-freeze
5595,My200-4-2-0.csv,20,4,2,3,20,8,0.65,0.45,0.02,0.1,parabola,FALSE,grid
5596,My200-4-2-0.csv,20,4,2,3,20,8,0.65,0.45,0.02,0.1,parabola,FALSE,rowwise
5597,My200-4-2-0.csv,20,4,2,3,20,8,0.65,0.45,0.02,0.1,parabola,FALSE,rowwise-freeze
5598,My200-4-2-0.csv,20,12,2,3,20,8,0.65,0.45,0.02,0.1,parabola,FALSE,trapezoid
5599,My200-4-2-0.csv,20,12,2,3,20,8,0.65,0.45,0.02,0.1,parabola,FALSE,trapezoid-freeze
5600,My200-4-2-0.csv,20,4,2,3,20,8,0.65,0.45,0.02,0.1,parabola,TRUE,grid
5601,My200-4-2-0.csv,20,4,2,3,20,8,0.65,0.45,0.02,0.1,parabola,TRUE,rowwise
5602,My200-4-2-0.csv,20,4,2,3,20,8,0.65,0.45,0.02,0.1,parabola,TRUE,rowwise-freeze
5603,My200-4-2-0.csv,20,12,2,3,20,8,0.65,0.45,0.02,0.1,parabola,TRUE,trapezoid
5604,My200-4-2-0.csv,20,12,2,3,20,8,0.65,0.45,0.02,0.1,parabola,TRUE,trapezoid-freeze
5605,My200-4-2-0.csv,20,4,2,3,20,15,0.65,0.45,0.02,0.1,parabola,FALSE,grid
5606,My200-4-2-0.csv,20,4,2,3,20,15,0.65,0.45,0.02,0.1,parabola,FALSE,rowwise
5607,My200-4-2-0.csv,20,4,2,3,20,15,0.65,0.45,0.02,0.1,parabola,FALSE,rowwise-freeze
5608,My200-4-2-0.csv,20,12,2,3,20,15,0.65,0.45,0.02,0.1,parabola,FALSE,trapezoid
5609,My200-4-2-0.csv,20,12,2,3,20,15,0.65,0.45,0.02,0.1,parabola,FALSE,trapezoid-freeze
5610,My200-4-2-0.csv,20,4,2,3,20,15,0.65,0.45,0.02,0.1,parabola,TRUE,grid
5611,My200-4-2-0.csv,20,4,2,3,20,15,0.65,0.45,0.02,0.1,parabola,TRUE,rowwise
5612,My200-4-2-0.csv,20,4,2,3,20,15,0.65,0.45,0.02,0.1,parabola,TRUE,rowwise-freeze
5613,My200-4-2-0.csv,20,12,2,3,20,15,0.65,0.45,0.02,0.1,parabola,TRUE,trapezoid
5614,My200-4-2-0.csv,20,12,2,3,20,15,0.65,0.45,0.02,0.1,parabola,TRUE,trapezoid-freeze
5615,My200-4-2-0.csv,20,4,2,3,40,8,0.65,0.45,0.02,0.1,parabola,FALSE,grid
5616,My200-4-2-0.csv,20,4,2,3,40,8,0.65,0.45,0.02,0.1,parabola,FALSE,rowwise
5617,My200-4-2-0.csv,20,4,2,3,40,8,0.65,0.45,0.02,0.1,parabola,FALSE,rowwise-freeze
5618,My200-4-2-0.csv,20,12,2,3,40,8,0.65,0.45,0.02,0.1,parabola,FALSE,trapezoid
5619,My200-4-2-0.csv,20,12,2,3,40,8,0.65,0.45,0.02,0.1,parabola,FALSE,trapezoid-freeze
5620,My200-4-2-0.csv,20,4,2,3,40,8,0.65,0.45,0.02,0.1,parabola,TRUE,grid
5621,My200-4-2-0.csv,20,4,2,3,40,8,0.65,0.45,0.02,0.1,parabola,TRUE,rowwise
5622,My200-4-2-0.csv,20,4,2,3,40,8,0.65,0.45,0.02,0.1,parabola,TRUE,rowwise-freeze
5623,My200-4-2-0.csv,20,12,2,3,40,8,0.65,0.45,0.02,0.1,parabola,TRUE,trapezoid
5624,My200-4-2-0.csv,20,12,2,3,40,8,0.65,0.45,0.02,0.1,parabola,TRUE,trapezoid-freeze
5625,My200-4-2-0.csv,20,4,2,3,40,15,0.65,0.45,0.02,0.1,parabola,FALSE,grid
5626,My200-4-2-0.csv,20,4,2,3,40,15,0.65,0.45,0.02,0.1,parabola,FALSE,rowwise
5627,My200-4-2-0.csv,20,4,2,3,40,15,0.65,0.45,0.02,0.1,parabola,FALSE,rowwise-freeze
5628,My200-4-2-0.csv,20,12,2,3,40,15,0.65,0.45,0.02,0.1,parabola,FALSE,trapezoid
5629,My200-4-2-0.csv,20,12,2,3,40,15,0.65,0.45,0.02,0.1,parabola,FALSE,trapezoid-freeze
5630,My200-4-2-0.csv,20,4,2,3,40,15,0.65,0.45,0.02,0.1,parabola,TRUE,grid
5631,My200-4-2-0.csv,20,4,2,3,40,15,0.65,0.45,0.02,0.1,parabola,TRUE,rowwise
5632,My200-4-2-0.csv,20,4,2,3,40,15,0.65,0.45,0.02,0.1,parabola,TRUE,rowwise-freeze
5633,My200-4-2-0.csv,20,12,2,3,40,15,0.65,0.45,0.02,0.1,parabola,TRUE,trapezoid
5634,My200-4-2-0.csv,20,12,2,3,40,15,0.65,0.45,0.02,0.1,parabola,TRUE,trapezoid-freeze
5635,Darre_neu.csv,20,15,4,2.52,10,8,0.65,0.65,0.02,0.1,parabola,FALSE,grid
5636,Darre_neu.csv,20,15,4,2.52,10,8,0.65,0.65,0.02,0.1,parabola,FALSE,rowwise
5637,Darre_neu.csv,20,15,4,2.52,10,8,0.65,0.65,0.02,0.1,parabola,FALSE,rowwise-freeze
5638,Darre_neu.csv,20,23,4,2.52,10,8,0.65,0.65,0.02,0.1,parabola,FALSE,trapezoid
5639,Darre_neu.csv,20,23,4,2.52,10,8,0.65,0.65,0.02,0.1,parabola,FALSE,trapezoid-freeze
5640,Darre_neu.csv,20,15,4,2.52,10,8,0.65,0.65,0.02,0.1,parabola,TRUE,grid
5641,Darre_neu.csv,20,15,4,2.52,10,8,0.65,0.65,0.02,0.1,parabola,TRUE,rowwise
5642,Darre_neu.csv,20,15,4,2.52,10,8,0.65,0.65,0.02,0.1,parabola,TRUE,rowwise-freeze
5643,Darre_neu.csv,20,23,4,2.52,10,8,0.65,0.65,0.02,0.1,parabola,TRUE,trapezoid
5644,Darre_neu.csv,20,23,4,2.52,10,8,0.65,0.65,0.02,0.1,parabola,TRUE,trapezoid-freeze
5645,Darre_neu.csv,20,15,4,2.52,10,15,0.65,0.65,0.02,0.1,parabola,FALSE,grid
5646,Darre_neu.csv,20,15,4,2.52,10,15,0.65,0.65,0.02,0.1,parabola,FALSE,rowwise
5647,Darre_neu.csv,20,15,4,2.52,10,15,0.65,0.65,0.02,0.1,parabola,FALSE,rowwise-freeze
5648,Darre_neu.csv,20,23,4,2.52,10,15,0.65,0.65,0.02,0.1,parabola,FALSE,trapezoid
5649,Darre_neu.csv,20,23,4,2.52,10,15,0.65,0.65,0.02,0.1,parabola,FALSE,trapezoid-freeze
5650,Darre_neu.csv,20,15,4,2.52,10,15,0.65,0.65,0.02,0.1,parabola,TRUE,grid
5651,Darre_neu.csv,20,15,4,2.52,10,15,0.65,0.65,0.02,0.1,parabola,TRUE,rowwise
5652,Darre_neu.csv,20,15,4,2.52,10,15,0.65,0.65,0.02,0.1,parabola,TRUE,rowwise-freeze
5653,Darre_neu.csv,20,23,4,2.52,10,15,0.65,0.65,0.02,0.1,parabola,TRUE,trapezoid
5654,Darre_neu.csv,20,23,4,2.52,10,15,0.65,0.65,0.02,0.1,parabola,TRUE,trapezoid-freeze
5655,Darre_neu.csv,20,15,4,2.52,20,8,0.65,0.65,0.02,0.1,parabola,FALSE,grid
5656,Darre_neu.csv,20,15,4,2.52,20,8,0.65,0.65,0.02,0.1,parabola,FALSE,rowwise
5657,Darre_neu.csv,20,15,4,2.52,20,8,0.65,0.65,0.02,0.1,parabola,FALSE,rowwise-freeze
5658,Darre_neu.csv,20,23,4,2.52,20,8,0.65,0.65,0.02,0.1,parabola,FALSE,trapezoid
5659,Darre_neu.csv,20,23,4,2.52,20,8,0.65,0.65,0.02,0.1,parabola,FALSE,trapezoid-freeze
5660,Darre_neu.csv,20,15,4,2.52,20,8,0.65,0.65,0.02,0.1,parabola,TRUE,grid
5661,Darre_neu.csv,20,15,4,2.52,20,8,0.65,0.65,0.02,0.1,parabola,TRUE,rowwise
5662,Darre_neu.csv,20,15,4,2.52,20,8,0.65,0.65,0.02,0.1,parabola,TRUE,rowwise-freeze
5663,Darre_neu.csv,20,23,4,2.52,20,8,0.65,0.65,0.02,0.1,parabola,TRUE,trapezoid
5664,Darre_neu.csv,20,23,4,2.52,20,8,0.65,0.65,0.02,0.1,parabola,TRUE,trapezoid-freeze
5665,Darre_neu.csv,20,15,4,2.52,20,15,0.65,0.65,0.02,0.1,parabola,FALSE,grid
5666,Darre_neu.csv,20,15,4,2.52,20,15,0.65,0.65,0.02,0.1,parabola,FALSE,rowwise
5667,Darre_neu.csv,20,15,4,2.52,20,15,0.65,0.65,0.02,0.1,parabola,FALSE,rowwise-freeze
5668,Darre_neu.csv,20,23,4,2.52,20,15,0.65,0.65,0.02,0.1,parabola,FALSE,trapezoid
5669,Darre_neu.csv,20,23,4,2.52,20,15,0.65,0.65,0.02,0.1,parabola,FALSE,trapezoid-freeze
5670,Darre_neu.csv,20,15,4,2.52,20,15,0.65,0.65,0.02,0.1,parabola,TRUE,grid
5671,Darre_neu.csv,20,15,4,2.52,20,15,0.65,0.65,0.02,0.1,parabola,TRUE,rowwise
5672,Darre_neu.csv,20,15,4,2.52,20,15,0.65,0.65,0.02,0.1,parabola,TRUE,rowwise-freeze
5673,Darre_neu.csv,20,23,4,2.52,20,15,0.65,0.65,0.02,0.1,parabola,TRUE,trapezoid
5674,Darre_neu.csv,20,23,4,2.52,20,15,0.65,0.65,0.02,0.1,parabola,TRUE,trapezoid-freeze
5675,Darre_neu.csv,20,15,4,2.52,40,8,0.65,0.65,0.02,0.1,parabola,FALSE,grid
5676,Darre_neu.csv,20,15,4,2.52,40,8,0.65,0.65,0.02,0.1,parabola,FALSE,rowwise
5677,Darre_neu.csv,20,15,4,2.52,40,8,0.65,0.65,0.02,0.1,parabola,FALSE,rowwise-freeze
5678,Darre_neu.csv,20,23,4,2.52,40,8,0.65,0.65,0.02,0.1,parabola,FALSE,trapezoid
5679,Darre_neu.csv,20,23,4,2.52,40,8,0.65,0.65,0.02,0.1,parabola,FALSE,trapezoid-freeze
5680,Darre_neu.csv,20,15,4,2.52,40,8,0.65,0.65,0.02,0.1,parabola,TRUE,grid
5681,Darre_neu.csv,20,15,4,2.52,40,8,0.65,0.65,0.02,0.1,parabola,TRUE,rowwise
5682,Darre_neu.csv,20,15,4,2.52,40,8,0.65,0.65,0.02,0.1,parabola,TRUE,rowwise-freeze
5683,Darre_neu.csv,20,23,4,2.52,40,8,0.65,0.65,0.02,0.1,parabola,TRUE,trapezoid
5684,Darre_neu.csv,20,23,4,2.52,40,8,0.65,0.65,0.02,0.1,parabola,TRUE,trapezoid-freeze
5685,Darre_neu.csv,20,15,4,2.52,40,15,0.65,0.65,0.02,0.1,parabola,FALSE,grid
5686,Darre_neu.csv,20,15,4,2.52,40,15,0.65,0.65,0.02,0.1,parabola,FALSE,rowwise
5687,Darre_neu.csv,20,15,4,2.52,40,15,0.65,0.65,0.02,0.1,parabola,FALSE,rowwise-freeze
5688,Darre_neu.csv,20,23,4,2.52,40,15,0.65,0.65,0.02,0.1,parabola,FALSE,trapezoid
5689,Darre_neu.csv,20,23,4,2.52,40,15,0.65,0.65,0.02,0.1,parabola,FALSE,trapezoid-freeze
5690,Darre_neu.csv,20,15,4,2.52,40,15,0.65,0.65,0.02,0.1,parabola,TRUE,grid
5691,Darre_neu.csv,20,15,4,2.52,40,15,0.65,0.65,0.02,0.1,parabola,TRUE,rowwise
5692,Darre_neu.csv,20,15,4,2.52,40,15,0.65,0.65,0.02,0.1,parabola,TRUE,rowwise-freeze
5693,Darre_neu.csv,20,23,4,2.52,40,15,0.65,0.65,0.02,0.1,parabola,TRUE,trapezoid
5694,Darre_neu.csv,20,23,4,2.52,40,15,0.65,0.65,0.02,0.1,parabola,TRUE,trapezoid-freeze
5695,My_Stems.csv,20,4,2,3,10,8,0.65,0.65,0.02,0.1,parabola,FALSE,grid
5696,My_Stems.csv,20,4,2,3,10,8,0.65,0.65,0.02,0.1,parabola,FALSE,rowwise
5697,My_Stems.csv,20,4,2,3,10,8,0.65,0.65,0.02,0.1,parabola,FALSE,rowwise-freeze
5698,My_Stems.csv,20,12,2,3,10,8,0.65,0.65,0.02,0.1,parabola,FALSE,trapezoid
5699,My_Stems.csv,20,12,2,3,10,8,0.65,0.65,0.02,0.1,parabola,FALSE,trapezoid-freeze
5700,My_Stems.csv,20,4,2,3,10,8,0.65,0.65,0.02,0.1,parabola,TRUE,grid
5701,My_Stems.csv,20,4,2,3,10,8,0.65,0.65,0.02,0.1,parabola,TRUE,rowwise
5702,My_Stems.csv,20,4,2,3,10,8,0.65,0.65,0.02,0.1,parabola,TRUE,rowwise-freeze
5703,My_Stems.csv,20,12,2,3,10,8,0.65,0.65,0.02,0.1,parabola,TRUE,trapezoid
5704,My_Stems.csv,20,12,2,3,10,8,0.65,0.65,0.02,0.1,parabola,TRUE,trapezoid-freeze
5705,My_Stems.csv,20,4,2,3,10,15,0.65,0.65,0.02,0.1,parabola,FALSE,grid
5706,My_Stems.csv,20,4,2,3,10,15,0.65,0.65,0.02,0.1,parabola,FALSE,rowwise
5707,My_Stems.csv,20,4,2,3,10,15,0.65,0.65,0.02,0.1,parabola,FALSE,rowwise-freeze
5708,My_Stems.csv,20,12,2,3,10,15,0.65,0.65,0.02,0.1,parabola,FALSE,trapezoid
5709,My_Stems.csv,20,12,2,3,10,15,0.65,0.65,0.02,0.1,parabola,FALSE,trapezoid-freeze
5710,My_Stems.csv,20,4,2,3,10,15,0.65,0.65,0.02,0.1,parabola,TRUE,grid
5711,My_Stems.csv,20,4,2,3,10,15,0.65,0.65,0.02,0.1,parabola,TRUE,rowwise
5712,My_Stems.csv,20,4,2,3,10,15,0.65,0.65,0.02,0.1,parabola,TRUE,rowwise-freeze
5713,My_Stems.csv,20,12,2,3,10,15,0.65,0.65,0.02,0.1,parabola,TRUE,trapezoid
5714,My_Stems.csv,20,12,2,3,10,15,0.65,0.65,0.02,0.1,parabola,TRUE,trapezoid-freeze
5715,My_Stems.csv,20,4,2,3,20,8,0.65,0.65,0.02,0.1,parabola,FALSE,grid
5716,My_Stems.csv,20,4,2,3,20,8,0.65,0.65,0.02,0.1,parabola,FALSE,rowwise
5717,My_Stems.csv,20,4,2,3,20,8,0.65,0.65,0.02,0.1,parabola,FALSE,rowwise-freeze
5718,My_Stems.csv,20,12,2,3,20,8,0.65,0.65,0.02,0.1,parabola,FALSE,trapezoid
5719,My_Stems.csv,20,12,2,3,20,8,0.65,0.65,0.02,0.1,parabola,FALSE,trapezoid-freeze
5720,My_Stems.csv,20,4,2,3,20,8,0.65,0.65,0.02,0.1,parabola,TRUE,grid
5721,My_Stems.csv,20,4,2,3,20,8,0.65,0.65,0.02,0.1,parabola,TRUE,rowwise
5722,My_Stems.csv,20,4,2,3,20,8,0.65,0.65,0.02,0.1,parabola,TRUE,rowwise-freeze
5723,My_Stems.csv,20,12,2,3,20,8,0.65,0.65,0.02,0.1,parabola,TRUE,trapezoid
5724,My_Stems.csv,20,12,2,3,20,8,0.65,0.65,0.02,0.1,parabola,TRUE,trapezoid-freeze
5725,My_Stems.csv,20,4,2,3,20,15,0.65,0.65,0.02,0.1,parabola,FALSE,grid
5726,My_Stems.csv,20,4,2,3,20,15,0.65,0.65,0.02,0.1,parabola,FALSE,rowwise
5727,My_Stems.csv,20,4,2,3,20,15,0.65,0.65,0.02,0.1,parabola,FALSE,rowwise-freeze
5728,My_Stems.csv,20,12,2,3,20,15,0.65,0.65,0.02,0.1,parabola,FALSE,trapezoid
5729,My_Stems.csv,20,12,2,3,20,15,0.65,0.65,0.02,0.1,parabola,FALSE,trapezoid-freeze
5730,My_Stems.csv,20,4,2,3,20,15,0.65,0.65,0.02,0.1,parabola,TRUE,grid
5731,My_Stems.csv,20,4,2,3,20,15,0.65,0.65,0.02,0.1,parabola,TRUE,rowwise
5732,My_Stems.csv,20,4,2,3,20,15,0.65,0.65,0.02,0.1,parabola,TRUE,rowwise-freeze
5733,My_Stems.csv,20,12,2,3,20,15,0.65,0.65,0.02,0.1,parabola,TRUE,trapezoid
5734,My_Stems.csv,20,12,2,3,20,15,0.65,0.65,0.02,0.1,parabola,TRUE,trapezoid-freeze
5735,My_Stems.csv,20,4,2,3,40,8,0.65,0.65,0.02,0.1,parabola,FALSE,grid
5736,My_Stems.csv,20,4,2,3,40,8,0.65,0.65,0.02,0.1,parabola,FALSE,rowwise
5737,My_Stems.csv,20,4,2,3,40,8,0.65,0.65,0.02,0.1,parabola,FALSE,rowwise-freeze
5738,My_Stems.csv,20,12,2,3,40,8,0.65,0.65,0.02,0.1,parabola,FALSE,trapezoid
5739,My_Stems.csv,20,12,2,3,40,8,0.65,0.65,0.02,0.1,parabola,FALSE,trapezoid-freeze
5740,My_Stems.csv,20,4,2,3,40,8,0.65,0.65,0.02,0.1,parabola,TRUE,grid
5741,My_Stems.csv,20,4,2,3,40,8,0.65,0.65,0.02,0.1,parabola,TRUE,rowwise
5742,My_Stems.csv,20,4,2,3,40,8,0.65,0.65,0.02,0.1,parabola,TRUE,rowwise-freeze
5743,My_Stems.csv,20,12,2,3,40,8,0.65,0.65,0.02,0.1,parabola,TRUE,trapezoid
5744,My_Stems.csv,20,12,2,3,40,8,0.65,0.65,0.02,0.1,parabola,TRUE,trapezoid-freeze
5745,My_Stems.csv,20,4,2,3,40,15,0.65,0.65,0.02,0.1,parabola,FALSE,grid
5746,My_Stems.csv,20,4,2,3,40,15,0.65,0.65,0.02,0.1,parabola,FALSE,rowwise
5747,My_Stems.csv,20,4,2,3,40,15,0.65,0.65,0.02,0.1,parabola,FALSE,rowwise-freeze
5748,My_Stems.csv,20,12,2,3,40,15,0.65,0.65,0.02,0.1,parabola,FALSE,trapezoid
5749,My_Stems.csv,20,12,2,3,40,15,0.65,0.65,0.02,0.1,parabola,FALSE,trapezoid-freeze
5750,My_Stems.csv,20,4,2,3,40,15,0.65,0.65,0.02,0.1,parabola,TRUE,grid
5751,My_Stems.csv,20,4,2,3,40,15,0.65,0.65,0.02,0.1,parabola,TRUE,rowwise
5752,My_Stems.csv,20,4,2,3,40,15,0.65,0.65,0.02,0.1,parabola,TRUE,rowwise-freeze
5753,My_Stems.csv,20,12,2,3,40,15,0.65,0.65,0.02,0.1,parabola,TRUE,trapezoid
5754,My_Stems.csv,20,12,2,3,40,15,0.65,0.65,0.02,0.1,parabola,TRUE,trapezoid-freeze
5755,My200-4-2-0.csv,20,4,2,3,10,8,0.65,0.65,0.02,0.1,parabola,FALSE,grid
5756,My200-4-2-0.csv,20,4,2,3,10,8,0.65,0.65,0.02,0.1,parabola,FALSE,rowwise
5757,My200-4-2-0.csv,20,4,2,3,10,8,0.65,0.65,0.02,0.1,parabola,FALSE,rowwise-freeze
5758,My200-4-2-0.csv,20,12,2,3,10,8,0.65,0.65,0.02,0.1,parabola,FALSE,trapezoid
5759,My200-4-2-0.csv,20,12,2,3,10,8,0.65,0.65,0.02,0.1,parabola,FALSE,trapezoid-freeze
5760,My200-4-2-0.csv,20,4,2,3,10,8,0.65,0.65,0.02,0.1,parabola,TRUE,grid
5761,My200-4-2-0.csv,20,4,2,3,10,8,0.65,0.65,0.02,0.1,parabola,TRUE,rowwise
5762,My200-4-2-0.csv,20,4,2,3,10,8,0.65,0.65,0.02,0.1,parabola,TRUE,rowwise-freeze
5763,My200-4-2-0.csv,20,12,2,3,10,8,0.65,0.65,0.02,0.1,parabola,TRUE,trapezoid
5764,My200-4-2-0.csv,20,12,2,3,10,8,0.65,0.65,0.02,0.1,parabola,TRUE,trapezoid-freeze
5765,My200-4-2-0.csv,20,4,2,3,10,15,0.65,0.65,0.02,0.1,parabola,FALSE,grid
5766,My200-4-2-0.csv,20,4,2,3,10,15,0.65,0.65,0.02,0.1,parabola,FALSE,rowwise
5767,My200-4-2-0.csv,20,4,2,3,10,15,0.65,0.65,0.02,0.1,parabola,FALSE,rowwise-freeze
5768,My200-4-2-0.csv,20,12,2,3,10,15,0.65,0.65,0.02,0.1,parabola,FALSE,trapezoid
5769,My200-4-2-0.csv,20,12,2,3,10,15,0.65,0.65,0.02,0.1,parabola,FALSE,trapezoid-freeze
5770,My200-4-2-0.csv,20,4,2,3,10,15,0.65,0.65,0.02,0.1,parabola,TRUE,grid
5771,My200-4-2-0.csv,20,4,2,3,10,15,0.65,0.65,0.02,0.1,parabola,TRUE,rowwise
5772,My200-4-2-0.csv,20,4,2,3,10,15,0.65,0.65,0.02,0.1,parabola,TRUE,rowwise-freeze
5773,My200-4-2-0.csv,20,12,2,3,10,15,0.65,0.65,0.02,0.1,parabola,TRUE,trapezoid
5774,My200-4-2-0.csv,20,12,2,3,10,15,0.65,0.65,0.02,0.1,parabola,TRUE,trapezoid-freeze
5775,My200-4-2-0.csv,20,4,2,3,20,8,0.65,0.65,0.02,0.1,parabola,FALSE,grid
5776,My200-4-2-0.csv,20,4,2,3,20,8,0.65,0.65,0.02,0.1,parabola,FALSE,rowwise
5777,My200-4-2-0.csv,20,4,2,3,20,8,0.65,0.65,0.02,0.1,parabola,FALSE,rowwise-freeze
5778,My200-4-2-0.csv,20,12,2,3,20,8,0.65,0.65,0.02,0.1,parabola,FALSE,trapezoid
5779,My200-4-2-0.csv,20,12,2,3,20,8,0.65,0.65,0.02,0.1,parabola,FALSE,trapezoid-freeze
5780,My200-4-2-0.csv,20,4,2,3,20,8,0.65,0.65,0.02,0.1,parabola,TRUE,grid
5781,My200-4-2-0.csv,20,4,2,3,20,8,0.65,0.65,0.02,0.1,parabola,TRUE,rowwise
5782,My200-4-2-0.csv,20,4,2,3,20,8,0.65,0.65,0.02,0.1,parabola,TRUE,rowwise-freeze
5783,My200-4-2-0.csv,20,12,2,3,20,8,0.65,0.65,0.02,0.1,parabola,TRUE,trapezoid
5784,My200-4-2-0.csv,20,12,2,3,20,8,0.65,0.65,0.02,0.1,parabola,TRUE,trapezoid-freeze
5785,My200-4-2-0.csv,20,4,2,3,20,15,0.65,0.65,0.02,0.1,parabola,FALSE,grid
5786,My200-4-2-0.csv,20,4,2,3,20,15,0.65,0.65,0.02,0.1,parabola,FALSE,rowwise
5787,My200-4-2-0.csv,20,4,2,3,20,15,0.65,0.65,0.02,0.1,parabola,FALSE,rowwise-freeze
5788,My200-4-2-0.csv,20,12,2,3,20,15,0.65,0.65,0.02,0.1,parabola,FALSE,trapezoid
5789,My200-4-2-0.csv,20,12,2,3,20,15,0.65,0.65,0.02,0.1,parabola,FALSE,trapezoid-freeze
5790,My200-4-2-0.csv,20,4,2,3,20,15,0.65,0.65,0.02,0.1,parabola,TRUE,grid
5791,My200-4-2-0.csv,20,4,2,3,20,15,0.65,0.65,0.02,0.1,parabola,TRUE,rowwise
5792,My200-4-2-0.csv,20,4,2,3,20,15,0.65,0.65,0.02,0.1,parabola,TRUE,rowwise-freeze
5793,My200-4-2-0.csv,20,12,2,3,20,15,0.65,0.65,0.02,0.1,parabola,TRUE,trapezoid
5794,My200-4-2-0.csv,20,12,2,3,20,15,0.65,0.65,0.02,0.1,parabola,TRUE,trapezoid-freeze
5795,My200-4-2-0.csv,20,4,2,3,40,8,0.65,0.65,0.02,0.1,parabola,FALSE,grid
5796,My200-4-2-0.csv,20,4,2,3,40,8,0.65,0.65,0.02,0.1,parabola,FALSE,rowwise
5797,My200-4-2-0.csv,20,4,2,3,40,8,0.65,0.65,0.02,0.1,parabola,FALSE,rowwise-freeze
5798,My200-4-2-0.csv,20,12,2,3,40,8,0.65,0.65,0.02,0.1,parabola,FALSE,trapezoid
5799,My200-4-2-0.csv,20,12,2,3,40,8,0.65,0.65,0.02,0.1,parabola,FALSE,trapezoid-freeze
5800,My200-4-2-0.csv,20,4,2,3,40,8,0.65,0.65,0.02,0.1,parabola,TRUE,grid
5801,My200-4-2-0.csv,20,4,2,3,40,8,0.65,0.65,0.02,0.1,parabola,TRUE,rowwise
5802,My200-4-2-0.csv,20,4,2,3,40,8,0.65,0.65,0.02,0.1,parabola,TRUE,rowwise-freeze
5803,My200-4-2-0.csv,20,12,2,3,40,8,0.65,0.65,0.02,0.1,parabola,TRUE,trapezoid
5804,My200-4-2-0.csv,20,12,2,3,40,8,0.65,0.65,0.02,0.1,parabola,TRUE,trapezoid-freeze
5805,My200-4-2-0.csv,20,4,2,3,40,15,0.65,0.65,0.02,0.1,parabola,FALSE,grid
5806,My200-4-2-0.csv,20,4,2,3,40,15,0.65,0.65,0.02,0.1,parabola,FALSE,rowwise
5807,My200-4-2-0.csv,20,4,2,3,40,15,0.65,0.65,0.02,0.1,parabola,FALSE,rowwise-freeze
5808,My200-4-2-0.csv,20,12,2,3,40,15,0.65,0.65,0.02,0.1,parabola,FALSE,trapezoid
5809,My200-4-2-0.csv,20,12,2,3,40,15,0.65,0.65,0.02,0.1,parabola,FALSE,trapezoid-freeze
5810,My200-4-2-0.csv,20,4,2,3,40,15,0.65,0.65,0.02,0.1,parabola,TRUE,grid
5811,My200-4-2-0.csv,20,4,2,3,40,15,0.65,0.65,0.02,0.1,parabola,TRUE,rowwise
5812,My200-4-2-0.csv,20,4,2,3,40,15,0.65,0.65,0.02,0.1,parabola,TRUE,rowwise-freeze
5813,My200-4-2-0.csv,20,12,2,3,40,15,0.65,0.65,0.02,0.1,parabola,TRUE,trapezoid
5814,My200-4-2-0.csv,20,12,2,3,40,15,0.65,0.65,0.02,0.1,parabola,TRUE,trapezoid-freeze
5815,Darre_neu.csv,20,15,4,2.52,10,8,0.65,0.85,0.02,0.1,parabola,FALSE,grid
5816,Darre_neu.csv,20,15,4,2.52,10,8,0.65,0.85,0.02,0.1,parabola,FALSE,rowwise
5817,Darre_neu.csv,20,15,4,2.52,10,8,0.65,0.85,0.02,0.1,parabola,FALSE,rowwise-freeze
5818,Darre_neu.csv,20,23,4,2.52,10,8,0.65,0.85,0.02,0.1,parabola,FALSE,trapezoid
5819,Darre_neu.csv,20,23,4,2.52,10,8,0.65,0.85,0.02,0.1,parabola,FALSE,trapezoid-freeze
5820,Darre_neu.csv,20,15,4,2.52,10,8,0.65,0.85,0.02,0.1,parabola,TRUE,grid
5821,Darre_neu.csv,20,15,4,2.52,10,8,0.65,0.85,0.02,0.1,parabola,TRUE,rowwise
5822,Darre_neu.csv,20,15,4,2.52,10,8,0.65,0.85,0.02,0.1,parabola,TRUE,rowwise-freeze
5823,Darre_neu.csv,20,23,4,2.52,10,8,0.65,0.85,0.02,0.1,parabola,TRUE,trapezoid
5824,Darre_neu.csv,20,23,4,2.52,10,8,0.65,0.85,0.02,0.1,parabola,TRUE,trapezoid-freeze
5825,Darre_neu.csv,20,15,4,2.52,10,15,0.65,0.85,0.02,0.1,parabola,FALSE,grid
5826,Darre_neu.csv,20,15,4,2.52,10,15,0.65,0.85,0.02,0.1,parabola,FALSE,rowwise
5827,Darre_neu.csv,20,15,4,2.52,10,15,0.65,0.85,0.02,0.1,parabola,FALSE,rowwise-freeze
5828,Darre_neu.csv,20,23,4,2.52,10,15,0.65,0.85,0.02,0.1,parabola,FALSE,trapezoid
5829,Darre_neu.csv,20,23,4,2.52,10,15,0.65,0.85,0.02,0.1,parabola,FALSE,trapezoid-freeze
5830,Darre_neu.csv,20,15,4,2.52,10,15,0.65,0.85,0.02,0.1,parabola,TRUE,grid
5831,Darre_neu.csv,20,15,4,2.52,10,15,0.65,0.85,0.02,0.1,parabola,TRUE,rowwise
5832,Darre_neu.csv,20,15,4,2.52,10,15,0.65,0.85,0.02,0.1,parabola,TRUE,rowwise-freeze
5833,Darre_neu.csv,20,23,4,2.52,10,15,0.65,0.85,0.02,0.1,parabola,TRUE,trapezoid
5834,Darre_neu.csv,20,23,4,2.52,10,15,0.65,0.85,0.02,0.1,parabola,TRUE,trapezoid-freeze
5835,Darre_neu.csv,20,15,4,2.52,20,8,0.65,0.85,0.02,0.1,parabola,FALSE,grid
5836,Darre_neu.csv,20,15,4,2.52,20,8,0.65,0.85,0.02,0.1,parabola,FALSE,rowwise
5837,Darre_neu.csv,20,15,4,2.52,20,8,0.65,0.85,0.02,0.1,parabola,FALSE,rowwise-freeze
5838,Darre_neu.csv,20,23,4,2.52,20,8,0.65,0.85,0.02,0.1,parabola,FALSE,trapezoid
5839,Darre_neu.csv,20,23,4,2.52,20,8,0.65,0.85,0.02,0.1,parabola,FALSE,trapezoid-freeze
5840,Darre_neu.csv,20,15,4,2.52,20,8,0.65,0.85,0.02,0.1,parabola,TRUE,grid
5841,Darre_neu.csv,20,15,4,2.52,20,8,0.65,0.85,0.02,0.1,parabola,TRUE,rowwise
5842,Darre_neu.csv,20,15,4,2.52,20,8,0.65,0.85,0.02,0.1,parabola,TRUE,rowwise-freeze
5843,Darre_neu.csv,20,23,4,2.52,20,8,0.65,0.85,0.02,0.1,parabola,TRUE,trapezoid
5844,Darre_neu.csv,20,23,4,2.52,20,8,0.65,0.85,0.02,0.1,parabola,TRUE,trapezoid-freeze
5845,Darre_neu.csv,20,15,4,2.52,20,15,0.65,0.85,0.02,0.1,parabola,FALSE,grid
5846,Darre_neu.csv,20,15,4,2.52,20,15,0.65,0.85,0.02,0.1,parabola,FALSE,rowwise
5847,Darre_neu.csv,20,15,4,2.52,20,15,0.65,0.85,0.02,0.1,parabola,FALSE,rowwise-freeze
5848,Darre_neu.csv,20,23,4,2.52,20,15,0.65,0.85,0.02,0.1,parabola,FALSE,trapezoid
5849,Darre_neu.csv,20,23,4,2.52,20,15,0.65,0.85,0.02,0.1,parabola,FALSE,trapezoid-freeze
5850,Darre_neu.csv,20,15,4,2.52,20,15,0.65,0.85,0.02,0.1,parabola,TRUE,grid
5851,Darre_neu.csv,20,15,4,2.52,20,15,0.65,0.85,0.02,0.1,parabola,TRUE,rowwise
5852,Darre_neu.csv,20,15,4,2.52,20,15,0.65,0.85,0.02,0.1,parabola,TRUE,rowwise-freeze
5853,Darre_neu.csv,20,23,4,2.52,20,15,0.65,0.85,0.02,0.1,parabola,TRUE,trapezoid
5854,Darre_neu.csv,20,23,4,2.52,20,15,0.65,0.85,0.02,0.1,parabola,TRUE,trapezoid-freeze
5855,Darre_neu.csv,20,15,4,2.52,40,8,0.65,0.85,0.02,0.1,parabola,FALSE,grid
5856,Darre_neu.csv,20,15,4,2.52,40,8,0.65,0.85,0.02,0.1,parabola,FALSE,rowwise
5857,Darre_neu.csv,20,15,4,2.52,40,8,0.65,0.85,0.02,0.1,parabola,FALSE,rowwise-freeze
5858,Darre_neu.csv,20,23,4,2.52,40,8,0.65,0.85,0.02,0.1,parabola,FALSE,trapezoid
5859,Darre_neu.csv,20,23,4,2.52,40,8,0.65,0.85,0.02,0.1,parabola,FALSE,trapezoid-freeze
5860,Darre_neu.csv,20,15,4,2.52,40,8,0.65,0.85,0.02,0.1,parabola,TRUE,grid
5861,Darre_neu.csv,20,15,4,2.52,40,8,0.65,0.85,0.02,0.1,parabola,TRUE,rowwise
5862,Darre_neu.csv,20,15,4,2.52,40,8,0.65,0.85,0.02,0.1,parabola,TRUE,rowwise-freeze
5863,Darre_neu.csv,20,23,4,2.52,40,8,0.65,0.85,0.02,0.1,parabola,TRUE,trapezoid
5864,Darre_neu.csv,20,23,4,2.52,40,8,0.65,0.85,0.02,0.1,parabola,TRUE,trapezoid-freeze
5865,Darre_neu.csv,20,15,4,2.52,40,15,0.65,0.85,0.02,0.1,parabola,FALSE,grid
5866,Darre_neu.csv,20,15,4,2.52,40,15,0.65,0.85,0.02,0.1,parabola,FALSE,rowwise
5867,Darre_neu.csv,20,15,4,2.52,40,15,0.65,0.85,0.02,0.1,parabola,FALSE,rowwise-freeze
5868,Darre_neu.csv,20,23,4,2.52,40,15,0.65,0.85,0.02,0.1,parabola,FALSE,trapezoid
5869,Darre_neu.csv,20,23,4,2.52,40,15,0.65,0.85,0.02,0.1,parabola,FALSE,trapezoid-freeze
5870,Darre_neu.csv,20,15,4,2.52,40,15,0.65,0.85,0.02,0.1,parabola,TRUE,grid
5871,Darre_neu.csv,20,15,4,2.52,40,15,0.65,0.85,0.02,0.1,parabola,TRUE,rowwise
5872,Darre_neu.csv,20,15,4,2.52,40,15,0.65,0.85,0.02,0.1,parabola,TRUE,rowwise-freeze
5873,Darre_neu.csv,20,23,4,2.52,40,15,0.65,0.85,0.02,0.1,parabola,TRUE,trapezoid
5874,Darre_neu.csv,20,23,4,2.52,40,15,0.65,0.85,0.02,0.1,parabola,TRUE,trapezoid-freeze
5875,My_Stems.csv,20,4,2,3,10,8,0.65,0.85,0.02,0.1,parabola,FALSE,grid
5876,My_Stems.csv,20,4,2,3,10,8,0.65,0.85,0.02,0.1,parabola,FALSE,rowwise
5877,My_Stems.csv,20,4,2,3,10,8,0.65,0.85,0.02,0.1,parabola,FALSE,rowwise-freeze
5878,My_Stems.csv,20,12,2,3,10,8,0.65,0.85,0.02,0.1,parabola,FALSE,trapezoid
5879,My_Stems.csv,20,12,2,3,10,8,0.65,0.85,0.02,0.1,parabola,FALSE,trapezoid-freeze
5880,My_Stems.csv,20,4,2,3,10,8,0.65,0.85,0.02,0.1,parabola,TRUE,grid
5881,My_Stems.csv,20,4,2,3,10,8,0.65,0.85,0.02,0.1,parabola,TRUE,rowwise
5882,My_Stems.csv,20,4,2,3,10,8,0.65,0.85,0.02,0.1,parabola,TRUE,rowwise-freeze
5883,My_Stems.csv,20,12,2,3,10,8,0.65,0.85,0.02,0.1,parabola,TRUE,trapezoid
5884,My_Stems.csv,20,12,2,3,10,8,0.65,0.85,0.02,0.1,parabola,TRUE,trapezoid-freeze
5885,My_Stems.csv,20,4,2,3,10,15,0.65,0.85,0.02,0.1,parabola,FALSE,grid
5886,My_Stems.csv,20,4,2,3,10,15,0.65,0.85,0.02,0.1,parabola,FALSE,rowwise
5887,My_Stems.csv,20,4,2,3,10,15,0.65,0.85,0.02,0.1,parabola,FALSE,rowwise-freeze
5888,My_Stems.csv,20,12,2,3,10,15,0.65,0.85,0.02,0.1,parabola,FALSE,trapezoid
5889,My_Stems.csv,20,12,2,3,10,15,0.65,0.85,0.02,0.1,parabola,FALSE,trapezoid-freeze
5890,My_Stems.csv,20,4,2,3,10,15,0.65,0.85,0.02,0.1,parabola,TRUE,grid
5891,My_Stems.csv,20,4,2,3,10,15,0.65,0.85,0.02,0.1,parabola,TRUE,rowwise
5892,My_Stems.csv,20,4,2,3,10,15,0.65,0.85,0.02,0.1,parabola,TRUE,rowwise-freeze
5893,My_Stems.csv,20,12,2,3,10,15,0.65,0.85,0.02,0.1,parabola,TRUE,trapezoid
5894,My_Stems.csv,20,12,2,3,10,15,0.65,0.85,0.02,0.1,parabola,TRUE,trapezoid-freeze
5895,My_Stems.csv,20,4,2,3,20,8,0.65,0.85,0.02,0.1,parabola,FALSE,grid
5896,My_Stems.csv,20,4,2,3,20,8,0.65,0.85,0.02,0.1,parabola,FALSE,rowwise
5897,My_Stems.csv,20,4,2,3,20,8,0.65,0.85,0.02,0.1,parabola,FALSE,rowwise-freeze
5898,My_Stems.csv,20,12,2,3,20,8,0.65,0.85,0.02,0.1,parabola,FALSE,trapezoid
5899,My_Stems.csv,20,12,2,3,20,8,0.65,0.85,0.02,0.1,parabola,FALSE,trapezoid-freeze
5900,My_Stems.csv,20,4,2,3,20,8,0.65,0.85,0.02,0.1,parabola,TRUE,grid
5901,My_Stems.csv,20,4,2,3,20,8,0.65,0.85,0.02,0.1,parabola,TRUE,rowwise
5902,My_Stems.csv,20,4,2,3,20,8,0.65,0.85,0.02,0.1,parabola,TRUE,rowwise-freeze
5903,My_Stems.csv,20,12,2,3,20,8,0.65,0.85,0.02,0.1,parabola,TRUE,trapezoid
5904,My_Stems.csv,20,12,2,3,20,8,0.65,0.85,0.02,0.1,parabola,TRUE,trapezoid-freeze
5905,My_Stems.csv,20,4,2,3,20,15,0.65,0.85,0.02,0.1,parabola,FALSE,grid
5906,My_Stems.csv,20,4,2,3,20,15,0.65,0.85,0.02,0.1,parabola,FALSE,rowwise
5907,My_Stems.csv,20,4,2,3,20,15,0.65,0.85,0.02,0.1,parabola,FALSE,rowwise-freeze
5908,My_Stems.csv,20,12,2,3,20,15,0.65,0.85,0.02,0.1,parabola,FALSE,trapezoid
5909,My_Stems.csv,20,12,2,3,20,15,0.65,0.85,0.02,0.1,parabola,FALSE,trapezoid-freeze
5910,My_Stems.csv,20,4,2,3,20,15,0.65,0.85,0.02,0.1,parabola,TRUE,grid
5911,My_Stems.csv,20,4,2,3,20,15,0.65,0.85,0.02,0.1,parabola,TRUE,rowwise
5912,My_Stems.csv,20,4,2,3,20,15,0.65,0.85,0.02,0.1,parabola,TRUE,rowwise-freeze
5913,My_Stems.csv,20,12,2,3,20,15,0.65,0.85,0.02,0.1,parabola,TRUE,trapezoid
5914,My_Stems.csv,20,12,2,3,20,15,0.65,0.85,0.02,0.1,parabola,TRUE,trapezoid-freeze
5915,My_Stems.csv,20,4,2,3,40,8,0.65,0.85,0.02,0.1,parabola,FALSE,grid
5916,My_Stems.csv,20,4,2,3,40,8,0.65,0.85,0.02,0.1,parabola,FALSE,rowwise
5917,My_Stems.csv,20,4,2,3,40,8,0.65,0.85,0.02,0.1,parabola,FALSE,rowwise-freeze
5918,My_Stems.csv,20,12,2,3,40,8,0.65,0.85,0.02,0.1,parabola,FALSE,trapezoid
5919,My_Stems.csv,20,12,2,3,40,8,0.65,0.85,0.02,0.1,parabola,FALSE,trapezoid-freeze
5920,My_Stems.csv,20,4,2,3,40,8,0.65,0.85,0.02,0.1,parabola,TRUE,grid
5921,My_Stems.csv,20,4,2,3,40,8,0.65,0.85,0.02,0.1,parabola,TRUE,rowwise
5922,My_Stems.csv,20,4,2,3,40,8,0.65,0.85,0.02,0.1,parabola,TRUE,rowwise-freeze
5923,My_Stems.csv,20,12,2,3,40,8,0.65,0.85,0.02,0.1,parabola,TRUE,trapezoid
5924,My_Stems.csv,20,12,2,3,40,8,0.65,0.85,0.02,0.1,parabola,TRUE,trapezoid-freeze
5925,My_Stems.csv,20,4,2,3,40,15,0.65,0.85,0.02,0.1,parabola,FALSE,grid
5926,My_Stems.csv,20,4,2,3,40,15,0.65,0.85,0.02,0.1,parabola,FALSE,rowwise
5927,My_Stems.csv,20,4,2,3,40,15,0.65,0.85,0.02,0.1,parabola,FALSE,rowwise-freeze
5928,My_Stems.csv,20,12,2,3,40,15,0.65,0.85,0.02,0.1,parabola,FALSE,trapezoid
5929,My_Stems.csv,20,12,2,3,40,15,0.65,0.85,0.02,0.1,parabola,FALSE,trapezoid-freeze
5930,My_Stems.csv,20,4,2,3,40,15,0.65,0.85,0.02,0.1,parabola,TRUE,grid
5931,My_Stems.csv,20,4,2,3,40,15,0.65,0.85,0.02,0.1,parabola,TRUE,rowwise
5932,My_Stems.csv,20,4,2,3,40,15,0.65,0.85,0.02,0.1,parabola,TRUE,rowwise-freeze
5933,My_Stems.csv,20,12,2,3,40,15,0.65,0.85,0.02,0.1,parabola,TRUE,trapezoid
5934,My_Stems.csv,20,12,2,3,40,15,0.65,0.85,0.02,0.1,parabola,TRUE,trapezoid-freeze
5935,My200-4-2-0.csv,20,4,2,3,10,8,0.65,0.85,0.02,0.1,parabola,FALSE,grid
5936,My200-4-2-0.csv,20,4,2,3,10,8,0.65,0.85,0.02,0.1,parabola,FALSE,rowwise
5937,My200-4-2-0.csv,20,4,2,3,10,8,0.65,0.85,0.02,0.1,parabola,FALSE,rowwise-freeze
5938,My200-4-2-0.csv,20,12,2,3,10,8,0.65,0.85,0.02,0.1,parabola,FALSE,trapezoid
5939,My200-4-2-0.csv,20,12,2,3,10,8,0.65,0.85,0.02,0.1,parabola,FALSE,trapezoid-freeze
5940,My200-4-2-0.csv,20,4,2,3,10,8,0.65,0.85,0.02,0.1,parabola,TRUE,grid
5941,My200-4-2-0.csv,20,4,2,3,10,8,0.65,0.85,0.02,0.1,parabola,TRUE,rowwise
5942,My200-4-2-0.csv,20,4,2,3,10,8,0.65,0.85,0.02,0.1,parabola,TRUE,rowwise-freeze
5943,My200-4-2-0.csv,20,12,2,3,10,8,0.65,0.85,0.02,0.1,parabola,TRUE,trapezoid
5944,My200-4-2-0.csv,20,12,2,3,10,8,0.65,0.85,0.02,0.1,parabola,TRUE,trapezoid-freeze
5945,My200-4-2-0.csv,20,4,2,3,10,15,0.65,0.85,0.02,0.1,parabola,FALSE,grid
5946,My200-4-2-0.csv,20,4,2,3,10,15,0.65,0.85,0.02,0.1,parabola,FALSE,rowwise
5947,My200-4-2-0.csv,20,4,2,3,10,15,0.65,0.85,0.02,0.1,parabola,FALSE,rowwise-freeze
5948,My200-4-2-0.csv,20,12,2,3,10,15,0.65,0.85,0.02,0.1,parabola,FALSE,trapezoid
5949,My200-4-2-0.csv,20,12,2,3,10,15,0.65,0.85,0.02,0.1,parabola,FALSE,trapezoid-freeze
5950,My200-4-2-0.csv,20,4,2,3,10,15,0.65,0.85,0.02,0.1,parabola,TRUE,grid
5951,My200-4-2-0.csv,20,4,2,3,10,15,0.65,0.85,0.02,0.1,parabola,TRUE,rowwise
5952,My200-4-2-0.csv,20,4,2,3,10,15,0.65,0.85,0.02,0.1,parabola,TRUE,rowwise-freeze
5953,My200-4-2-0.csv,20,12,2,3,10,15,0.65,0.85,0.02,0.1,parabola,TRUE,trapezoid
5954,My200-4-2-0.csv,20,12,2,3,10,15,0.65,0.85,0.02,0.1,parabola,TRUE,trapezoid-freeze
5955,My200-4-2-0.csv,20,4,2,3,20,8,0.65,0.85,0.02,0.1,parabola,FALSE,grid
5956,My200-4-2-0.csv,20,4,2,3,20,8,0.65,0.85,0.02,0.1,parabola,FALSE,rowwise
5957,My200-4-2-0.csv,20,4,2,3,20,8,0.65,0.85,0.02,0.1,parabola,FALSE,rowwise-freeze
5958,My200-4-2-0.csv,20,12,2,3,20,8,0.65,0.85,0.02,0.1,parabola,FALSE,trapezoid
5959,My200-4-2-0.csv,20,12,2,3,20,8,0.65,0.85,0.02,0.1,parabola,FALSE,trapezoid-freeze
5960,My200-4-2-0.csv,20,4,2,3,20,8,0.65,0.85,0.02,0.1,parabola,TRUE,grid
5961,My200-4-2-0.csv,20,4,2,3,20,8,0.65,0.85,0.02,0.1,parabola,TRUE,rowwise
5962,My200-4-2-0.csv,20,4,2,3,20,8,0.65,0.85,0.02,0.1,parabola,TRUE,rowwise-freeze
5963,My200-4-2-0.csv,20,12,2,3,20,8,0.65,0.85,0.02,0.1,parabola,TRUE,trapezoid
5964,My200-4-2-0.csv,20,12,2,3,20,8,0.65,0.85,0.02,0.1,parabola,TRUE,trapezoid-freeze
5965,My200-4-2-0.csv,20,4,2,3,20,15,0.65,0.85,0.02,0.1,parabola,FALSE,grid
5966,My200-4-2-0.csv,20,4,2,3,20,15,0.65,0.85,0.02,0.1,parabola,FALSE,rowwise
5967,My200-4-2-0.csv,20,4,2,3,20,15,0.65,0.85,0.02,0.1,parabola,FALSE,rowwise-freeze
5968,My200-4-2-0.csv,20,12,2,3,20,15,0.65,0.85,0.02,0.1,parabola,FALSE,trapezoid
5969,My200-4-2-0.csv,20,12,2,3,20,15,0.65,0.85,0.02,0.1,parabola,FALSE,trapezoid-freeze
5970,My200-4-2-0.csv,20,4,2,3,20,15,0.65,0.85,0.02,0.1,parabola,TRUE,grid
5971,My200-4-2-0.csv,20,4,2,3,20,15,0.65,0.85,0.02,0.1,parabola,TRUE,rowwise
5972,My200-4-2-0.csv,20,4,2,3,20,15,0.65,0.85,0.02,0.1,parabola,TRUE,rowwise-freeze
5973,My200-4-2-0.csv,20,12,2,3,20,15,0.65,0.85,0.02,0.1,parabola,TRUE,trapezoid
5974,My200-4-2-0.csv,20,12,2,3,20,15,0.65,0.85,0.02,0.1,parabola,TRUE,trapezoid-freeze
5975,My200-4-2-0.csv,20,4,2,3,40,8,0.65,0.85,0.02,0.1,parabola,FALSE,grid
5976,My200-4-2-0.csv,20,4,2,3,40,8,0.65,0.85,0.02,0.1,parabola,FALSE,rowwise
